<?xml version="1.0" encoding="utf-8"?>
<!DOCTYPE circuit SYSTEM "../circuit.dtd">
<!-- Controller Circuit -->
<circuit access="public">
	<prefuseaction>
		<!-- This could be a <do /> or an include, but the verbs keep it all right here, easy to see. -->
		<if condition="myFusebox.thisFuseaction IS 'connectform'">
			<true />
			<false>
				<if condition="structKeyExists(session,'connectionInfo') AND structCount(session.connectionInfo) GT 0">
					<false>
						<relocate xfa="conform" />
					</false>
				</if>
			</false>
		</if>
	</prefuseaction>
	<fuseaction name="home">
		<do action="list" />
	</fuseaction>
	<fuseaction name="connectform">
		<do action="v.connectform" />
	</fuseaction>
	<fuseaction name="list">
		<set name="attributes.start" value="1" overwrite="false" />
		<set name="attributes.listVarName" value="qMailList" />
		<do action="m.getListOfEmails" />
		<do action="v.listmail" />
	</fuseaction>
	<fuseaction name="showmessage">
		<set name="attributes.msgVarName" value="thisMessage" />
		<do action="m.getEmailMessage" />
		<do action="v.showmessage" />
	</fuseaction>
</circuit>