<?xml version="1.0" encoding="utf-8"?>
<!DOCTYPE circuit SYSTEM "../circuit.dtd">
<!-- Model Circuit -->
<circuit access="internal">
	<fuseaction name="setup">
		<do action="setupXfa" />
		<do action="setupConnectionInfo" />
	</fuseaction>

	<fuseaction name="setupConnectionInfo">
		<include template="setupConnectionInfo" />
	</fuseaction>
	
	<fuseaction name="setupXfa">
		<set name="xfa.conform" value="mail.connectform" />
		<set name="xfa.msglist" value="mail.list" />
		<set name="xfa.msgdetail" value="mail.showmessage" />
	</fuseaction>

	<fuseaction name="getListOfEmails">
		<include template="getAllMailHeaders" />
	</fuseaction>

	<fuseaction name="getEmailMessage">
		<include template="getMessage" />
	</fuseaction>
</circuit>